"Buurten";"Inwoners naar kenmerken|0-9 jaar|2015|Man";"Inwoners naar kenmerken|0-9 jaar|2015|Vrouw";"Inwoners naar kenmerken|0-9 jaar|2016|Man";"Inwoners naar kenmerken|0-9 jaar|2016|Vrouw";"Inwoners naar kenmerken|0-9 jaar|2017|Man";"Inwoners naar kenmerken|0-9 jaar|2017|Vrouw";"Inwoners naar kenmerken|0-9 jaar|2018|Man";"Inwoners naar kenmerken|0-9 jaar|2018|Vrouw";"Inwoners naar kenmerken|0-9 jaar|2019|Man";"Inwoners naar kenmerken|0-9 jaar|2019|Vrouw";"Inwoners naar kenmerken|0-9 jaar|2020|Man";"Inwoners naar kenmerken|0-9 jaar|2020|Vrouw";"Inwoners naar kenmerken|0-9 jaar|2021|Man";"Inwoners naar kenmerken|0-9 jaar|2021|Vrouw";"Inwoners naar kenmerken|10-19 jaar|2015|Man";"Inwoners naar kenmerken|10-19 jaar|2015|Vrouw";"Inwoners naar kenmerken|10-19 jaar|2016|Man";"Inwoners naar kenmerken|10-19 jaar|2016|Vrouw";"Inwoners naar kenmerken|10-19 jaar|2017|Man";"Inwoners naar kenmerken|10-19 jaar|2017|Vrouw";"Inwoners naar kenmerken|10-19 jaar|2018|Man";"Inwoners naar kenmerken|10-19 jaar|2018|Vrouw";"Inwoners naar kenmerken|10-19 jaar|2019|Man";"Inwoners naar kenmerken|10-19 jaar|2019|Vrouw";"Inwoners naar kenmerken|10-19 jaar|2020|Man";"Inwoners naar kenmerken|10-19 jaar|2020|Vrouw";"Inwoners naar kenmerken|10-19 jaar|2021|Man";"Inwoners naar kenmerken|10-19 jaar|2021|Vrouw";"Inwoners naar kenmerken|20-29 jaar|2015|Man";"Inwoners naar kenmerken|20-29 jaar|2015|Vrouw";"Inwoners naar kenmerken|20-29 jaar|2016|Man";"Inwoners naar kenmerken|20-29 jaar|2016|Vrouw";"Inwoners naar kenmerken|20-29 jaar|2017|Man";"Inwoners naar kenmerken|20-29 jaar|2017|Vrouw";"Inwoners naar kenmerken|20-29 jaar|2018|Man";"Inwoners naar kenmerken|20-29 jaar|2018|Vrouw";"Inwoners naar kenmerken|20-29 jaar|2019|Man";"Inwoners naar kenmerken|20-29 jaar|2019|Vrouw";"Inwoners naar kenmerken|20-29 jaar|2020|Man";"Inwoners naar kenmerken|20-29 jaar|2020|Vrouw";"Inwoners naar kenmerken|20-29 jaar|2021|Man";"Inwoners naar kenmerken|20-29 jaar|2021|Vrouw";"Inwoners naar kenmerken|30-39 jaar|2015|Man";"Inwoners naar kenmerken|30-39 jaar|2015|Vrouw";"Inwoners naar kenmerken|30-39 jaar|2016|Man";"Inwoners naar kenmerken|30-39 jaar|2016|Vrouw";"Inwoners naar kenmerken|30-39 jaar|2017|Man";"Inwoners naar kenmerken|30-39 jaar|2017|Vrouw";"Inwoners naar kenmerken|30-39 jaar|2018|Man";"Inwoners naar kenmerken|30-39 jaar|2018|Vrouw";"Inwoners naar kenmerken|30-39 jaar|2019|Man";"Inwoners naar kenmerken|30-39 jaar|2019|Vrouw";"Inwoners naar kenmerken|30-39 jaar|2020|Man";"Inwoners naar kenmerken|30-39 jaar|2020|Vrouw";"Inwoners naar kenmerken|30-39 jaar|2021|Man";"Inwoners naar kenmerken|30-39 jaar|2021|Vrouw";"Inwoners naar kenmerken|40-49 jaar|2015|Man";"Inwoners naar kenmerken|40-49 jaar|2015|Vrouw";"Inwoners naar kenmerken|40-49 jaar|2016|Man";"Inwoners naar kenmerken|40-49 jaar|2016|Vrouw";"Inwoners naar kenmerken|40-49 jaar|2017|Man";"Inwoners naar kenmerken|40-49 jaar|2017|Vrouw";"Inwoners naar kenmerken|40-49 jaar|2018|Man";"Inwoners naar kenmerken|40-49 jaar|2018|Vrouw";"Inwoners naar kenmerken|40-49 jaar|2019|Man";"Inwoners naar kenmerken|40-49 jaar|2019|Vrouw";"Inwoners naar kenmerken|40-49 jaar|2020|Man";"Inwoners naar kenmerken|40-49 jaar|2020|Vrouw";"Inwoners naar kenmerken|40-49 jaar|2021|Man";"Inwoners naar kenmerken|40-49 jaar|2021|Vrouw";"Inwoners naar kenmerken|50-59 jaar|2015|Man";"Inwoners naar kenmerken|50-59 jaar|2015|Vrouw";"Inwoners naar kenmerken|50-59 jaar|2016|Man";"Inwoners naar kenmerken|50-59 jaar|2016|Vrouw";"Inwoners naar kenmerken|50-59 jaar|2017|Man";"Inwoners naar kenmerken|50-59 jaar|2017|Vrouw";"Inwoners naar kenmerken|50-59 jaar|2018|Man";"Inwoners naar kenmerken|50-59 jaar|2018|Vrouw";"Inwoners naar kenmerken|50-59 jaar|2019|Man";"Inwoners naar kenmerken|50-59 jaar|2019|Vrouw";"Inwoners naar kenmerken|50-59 jaar|2020|Man";"Inwoners naar kenmerken|50-59 jaar|2020|Vrouw";"Inwoners naar kenmerken|50-59 jaar|2021|Man";"Inwoners naar kenmerken|50-59 jaar|2021|Vrouw";"Inwoners naar kenmerken|60-69 jaar|2015|Man";"Inwoners naar kenmerken|60-69 jaar|2015|Vrouw";"Inwoners naar kenmerken|60-69 jaar|2016|Man";"Inwoners naar kenmerken|60-69 jaar|2016|Vrouw";"Inwoners naar kenmerken|60-69 jaar|2017|Man";"Inwoners naar kenmerken|60-69 jaar|2017|Vrouw";"Inwoners naar kenmerken|60-69 jaar|2018|Man";"Inwoners naar kenmerken|60-69 jaar|2018|Vrouw";"Inwoners naar kenmerken|60-69 jaar|2019|Man";"Inwoners naar kenmerken|60-69 jaar|2019|Vrouw";"Inwoners naar kenmerken|60-69 jaar|2020|Man";"Inwoners naar kenmerken|60-69 jaar|2020|Vrouw";"Inwoners naar kenmerken|60-69 jaar|2021|Man";"Inwoners naar kenmerken|60-69 jaar|2021|Vrouw";"Inwoners naar kenmerken|70-79 jaar|2015|Man";"Inwoners naar kenmerken|70-79 jaar|2015|Vrouw";"Inwoners naar kenmerken|70-79 jaar|2016|Man";"Inwoners naar kenmerken|70-79 jaar|2016|Vrouw";"Inwoners naar kenmerken|70-79 jaar|2017|Man";"Inwoners naar kenmerken|70-79 jaar|2017|Vrouw";"Inwoners naar kenmerken|70-79 jaar|2018|Man";"Inwoners naar kenmerken|70-79 jaar|2018|Vrouw";"Inwoners naar kenmerken|70-79 jaar|2019|Man";"Inwoners naar kenmerken|70-79 jaar|2019|Vrouw";"Inwoners naar kenmerken|70-79 jaar|2020|Man";"Inwoners naar kenmerken|70-79 jaar|2020|Vrouw";"Inwoners naar kenmerken|70-79 jaar|2021|Man";"Inwoners naar kenmerken|70-79 jaar|2021|Vrouw";"Inwoners naar kenmerken|80-89 jaar|2015|Man";"Inwoners naar kenmerken|80-89 jaar|2015|Vrouw";"Inwoners naar kenmerken|80-89 jaar|2016|Man";"Inwoners naar kenmerken|80-89 jaar|2016|Vrouw";"Inwoners naar kenmerken|80-89 jaar|2017|Man";"Inwoners naar kenmerken|80-89 jaar|2017|Vrouw";"Inwoners naar kenmerken|80-89 jaar|2018|Man";"Inwoners naar kenmerken|80-89 jaar|2018|Vrouw";"Inwoners naar kenmerken|80-89 jaar|2019|Man";"Inwoners naar kenmerken|80-89 jaar|2019|Vrouw";"Inwoners naar kenmerken|80-89 jaar|2020|Man";"Inwoners naar kenmerken|80-89 jaar|2020|Vrouw";"Inwoners naar kenmerken|80-89 jaar|2021|Man";"Inwoners naar kenmerken|80-89 jaar|2021|Vrouw";"Inwoners naar kenmerken|90+ jaar|2015|Man";"Inwoners naar kenmerken|90+ jaar|2015|Vrouw";"Inwoners naar kenmerken|90+ jaar|2016|Man";"Inwoners naar kenmerken|90+ jaar|2016|Vrouw";"Inwoners naar kenmerken|90+ jaar|2017|Man";"Inwoners naar kenmerken|90+ jaar|2017|Vrouw";"Inwoners naar kenmerken|90+ jaar|2018|Man";"Inwoners naar kenmerken|90+ jaar|2018|Vrouw";"Inwoners naar kenmerken|90+ jaar|2019|Man";"Inwoners naar kenmerken|90+ jaar|2019|Vrouw";"Inwoners naar kenmerken|90+ jaar|2020|Man";"Inwoners naar kenmerken|90+ jaar|2020|Vrouw";"Inwoners naar kenmerken|90+ jaar|2021|Man";"Inwoners naar kenmerken|90+ jaar|2021|Vrouw"
"Achtse Barrier-Gunterslaer";175;197;177;188;169;186;174;181;170;188;184;189;185;183;232;226;223;233;221;229;224;215;225;210;216;207;207;199;194;181;201;154;210;171;199;174;198;176;184;175;201;172;224;238;222;248;230;242;245;227;246;236;238;235;247;234;293;278;291;265;275;250;250;252;254;239;246;234;226;237;319;326;312;310;316;307;315;301;307;304;293;299;306;297;282;284;288;285;287;286;272;293;269;286;282;286;265;279;129;119;137;134;147;158;160;170;165;181;182;182;190;185;31;35;28;34;33;30;39;29;42;33;41;40;43;48;"x";"x";"x";"x";"x";"x";"x";"x";"x";"x";"x";"x";"x";"x"
"Achtse Barrier-Hoeven";241;206;242;202;221;192;203;186;205;194;192;199;189;196;242;261;233;260;220;243;229;245;231;237;245;217;232;220;217;215;222;222;219;233;215;221;219;203;213;202;202;193;254;240;248;250;260;249;255;255;255;266;271;271;285;280;309;314;301;307;293;288;286;279;257;268;237;254;214;245;374;386;347;371;338;358;307;338;298;314;285;303;296;291;265;245;293;255;305;267;325;285;335;324;337;333;333;325;100;103;113;118;129;128;135;127;143;127;156;147;163;153;39;54;41;56;37;59;40;65;44;70;46;64;45;59;"x";"x";"x";"x";"x";"x";"x";10;"x";12;"x";13;"x";12
"Achtse Barrier-Spaaihoef";293;269;294;261;275;257;268;250;254;244;257;224;251;212;262;244;253;245;247;238;254;228;250;214;248;221;239;216;263;200;235;183;245;179;251;198;242;217;238;226;219;217;280;294;295;297;293;289;303;283;305;288;321;299;336;311;353;337;324;337;323;330;308;312;293;296;296;265;288;260;487;465;471;444;446;417;422;392;415;386;390;367;361;335;318;289;338;291;350;316;369;334;382;343;380;354;402;384;113;93;125;114;137;109;150;125;154;132;161;146;171;156;39;48;44;43;36;48;38;57;41;48;44;49;49;52;"x";"x";"x";"x";"x";10;"x";"x";"x";"x";"x";10;"x";"x"
"Barrier";168;148;155;147;139;140;136;124;118;116;103;117;97;96;128;119;134;124;130;116;138;126;142;125;151;129;143;127;213;176;203;181;206;168;202;147;203;162;186;160;205;161;168;178;158;176;155;171;138;166;128;153;135;148;113;131;168;161;173;167;172;159;186;167;178;171;168;170;171;161;124;108;121;117;129;118;126;115;134;112;141;122;135;135;88;114;92;112;87;116;81;115;85;111;89;102;91;97;64;69;64;72;63;69;66;71;64;77;64;79;64;86;24;25;30;24;29;27;32;30;33;28;30;31;29;30;"x";"x";"x";"x";"x";"x";"x";"x";"x";"x";"x";"x";"x";"x"
"BeA2";"x";"x";"x";"x";"x";"x";"x";"x";"x";"x";"x";"x";"x";"";"x";"x";"x";"x";"x";"x";"x";"x";"x";"x";"x";"x";"x";"";"x";"x";"x";"x";"x";"x";"x";"x";"x";"x";"x";"x";"x";"x";"x";"x";"x";"x";"x";"x";"x";"x";"x";"x";"x";"x";"x";"";"x";"x";"x";"x";"x";"x";"x";"x";"x";"x";"x";"x";"x";"x";"x";"x";"x";"x";"x";"x";"x";"x";"x";"x";"x";"x";"x";"x";"x";"x";"x";"x";"x";"x";"x";"x";"x";"x";"x";"x";"x";"x";"x";"x";"x";"x";"x";"x";"x";"x";"x";"x";"x";"x";"x";"";"x";"x";"x";"x";"x";"x";"x";"x";"x";"x";"x";"x";"";"";"x";"x";"x";"x";"x";"x";"x";"x";"x";"x";"x";"x";"";""
"Beemden";"x";"x";"x";"x";"x";"x";"x";"x";"x";"x";"x";"x";"";"";"x";"x";"x";"x";"x";"x";"x";"x";"x";"x";"x";"x";"";"";"x";"x";"x";"x";"x";"x";"x";"x";"x";"x";"x";"x";"";"";"x";"x";"x";"x";"x";"x";"x";"x";"x";"x";"x";"x";"";"";"x";"x";"x";"x";"x";"x";"x";"x";"x";"x";"x";"x";"";"";"x";"x";"x";"x";"x";"x";"x";"x";"x";"x";"x";"x";"";"";"x";"x";"x";"x";"x";"x";"x";"x";"x";"x";"x";"x";"";"";"x";"x";"x";"x";"x";"x";"x";"x";"x";"x";"x";"x";"";"";"x";"x";"x";"x";"x";"x";"x";"x";"x";"x";"x";"x";"";"";"x";"x";"x";"x";"x";"x";"x";"x";"x";"x";"x";"x";"";""
"Bennekel-Oost";159;167;166;145;157;137;157;144;163;155;176;148;152;146;154;139;156;145;151;145;151;161;139;143;138;150;145;146;445;318;462;307;459;312;436;305;436;321;434;301;399;300;362;254;361;257;354;251;362;258;366;272;385;283;369;274;235;173;234;191;242;201;243;190;235;187;233;197;230;209;168;170;182;163;180;148;183;161;187;168;193;171;192;163;153;163;151;154;145;148;139;141;137;137;140;136;143;129;78;80;76;91;86;106;92;106;102;116;99;118;102;126;30;60;34;58;32;53;35;65;33;63;31;58;33;55;"x";"x";"x";"x";"x";10;"x";10;"x";11;"x";"x";"x";14
"Bennekel-West, Gagelbosch";158;151;157;146;150;141;147;128;142;122;145;113;131;111;175;157;176;155;173;158;176;161;172;161;162;149;159;154;249;222;247;215;253;222;257;247;259;225;264;218;230;198;241;227;253;220;251;224;254;221;259;212;266;218;284;222;203;203;212;189;202;185;208;202;212;199;211;182;203;177;167;179;167;186;180;183;194;202;185;197;188;202;197;211;175;172;181;174;173;174;189;186;193;177;191;187;181;185;141;171;140;166;138;167;158;192;157;206;161;208;168;197;88;137;85;137;92;134;112;147;111;144;106;153;101;159;15;32;16;31;17;37;19;41;20;46;21;43;19;39
"Bergen";67;69;73;67;61;68;58;71;63;70;76;69;71;58;57;70;61;63;67;68;75;62;68;62;73;77;90;78;450;423;446;427;438;424;451;408;530;395;530;398;531;430;304;189;312;190;314;172;326;205;313;214;323;240;322;235;214;126;190;129;178;125;197;120;194;124;201;128;205;118;120;101;127;98;127;106;148;104;150;105;162;112;165;124;95;61;92;70;100;73;85;76;80;77;79;80;82;79;48;45;48;46;50;52;61;55;66;52;65;57;68;57;13;22;16;23;20;21;23;20;25;24;27;25;27;30;"x";"x";"x";"x";"x";"x";"x";13;"x";"x";"x";"x";"";"x"
"Binnenstad";49;63;56;60;63;66;75;69;57;77;61;69;65;69;68;67;60;69;55;64;99;73;137;103;133;100;213;115;648;538;704;534;713;545;857;637;908;643;869;596;918;622;399;221;407;227;440;236;514;279;520;310;522;326;550;314;188;83;186;82;201;91;211;86;243;94;248;98;241;113;159;97;157;89;154;89;161;95;162;95;171;94;186;98;106;102;109;109;110;107;119;114;131;118;131;115;137;111;64;67;70;66;74;73;66;74;66;75;70;77;71;89;34;41;29;45;27;39;20;39;21;36;24;39;26;37;"x";"x";"x";"x";"x";"x";"x";"x";"x";"x";"x";"x";"x";"x"
"Blaarthem";121;119;113;117;118;119;120;109;115;110;123;108;110;100;109;102;105;95;111;94;103;103;103;106;111;112;117;115;249;234;245;239;257;246;248;242;246;221;233;209;227;192;240;180;219;180;224;170;217;163;217;164;226;175;237;194;186;146;197;151;195;157;192;151;187;159;183;159;175;147;170;154;182;141;182;141;187;145;187;137;188;129;182;133;125;119;120;124;115;124;110;126;120;132;136;134;135;139;70;71;79;83;81;86;84;80;77;79;71;69;75;73;24;40;27;39;29;42;27;43;32;48;29;44;33;44;"x";"x";"x";"x";"x";"x";"x";"x";"x";"x";"x";"x";"x";"x"
"Blixembosch-Oost";416;392;395;374;380;387;366;413;387;389;387;395;407;391;656;666;647;665;653;632;627;609;624;615;596;586;566;542;300;253;339;282;349;336;354;335;368;345;384;347;388;346;282;347;305;345;343;370;366;392;374;411;378;409;391;425;736;800;691;750;646;710;586;662;569;618;529;575;486;531;680;565;726;609;748;650;802;680;799;716;789;737;798;740;247;221;259;235;295;238;298;250;322;277;352;299;361;326;139;153;139;149;142;166;143;169;146;173;143;172;162;175;54;66;51;75;57;73;62;85;61;83;66;83;70;99;"x";11;"x";"x";"x";13;"x";12;"x";10;"x";12;"x";11
"Blixembosch-West";75;90;79;96;83;92;87;94;95;83;94;82;88;81;175;162;170;159;158;155;151;148;146;157;139;139;142;137;108;73;106;72;119;75;130;74;121;88;116;101;115;82;68;73;76;78;79;80;75;82;76;75;84;85;85;89;131;174;120;168;116;144;110;144;113;137;102;119;105;118;266;245;263;240;252;258;245;252;217;245;200;238;186;229;157;139;168;147;175;142;175;149;189;158;202;160;201;162;55;56;57;54;68;63;80;67;82;70;81;73;96;80;11;19;12;17;16;15;18;17;21;21;25;24;24;23;"x";"x";"x";"x";"x";"x";"x";"x";"x";"x";"x";"x";"x";"x"
"Bloemenplein";59;54;54;51;53;61;60;64;60;62;50;64;43;55;30;43;33;41;25;41;40;47;42;49;39;35;47;34;165;161;161;141;164;131;171;136;169;141;177;141;179;144;119;106;124;110;132;114;135;111;120;111;118;110;130;108;79;64;77;74;82;71;78;75;73;69;75;65;72;71;65;58;73;56;78;59;69;62;75;72;72;64;69;58;58;60;53;56;49;49;49;43;48;45;44;43;42;44;24;34;29;35;29;42;30;42;33;42;34;43;33;41;10;23;"x";23;"x";21;10;19;10;20;10;18;"x";19;"x";"x";"x";"x";"x";"x";"x";"x";"x";"x";"x";"x";"x";"x"
"Bokt";"x";"x";"x";"x";"x";"x";"x";"x";"x";"x";"x";"x";"x";"x";11;"x";"x";12;10;14;"x";14;"x";11;"x";11;"x";10;"x";"x";"x";"x";"x";"x";"x";"x";"x";"x";"x";"x";"x";"x";"x";"x";"x";"x";"x";"x";"x";"x";"x";"x";"x";"x";"x";"x";16;12;18;12;16;"x";13;"x";11;"x";"x";"x";"x";"x";10;10;"x";11;11;14;12;14;11;14;11;17;13;18;"x";"x";"x";"x";"x";"x";"x";"x";"x";"x";"x";"x";"x";"x";"x";"x";"x";"x";"x";"x";"x";"x";"x";"x";"x";"x";"x";"x";"x";"x";"x";"x";"x";"x";"x";"x";"x";"x";"x";"x";"x";"x";"x";"x";"x";"x";"x";"x";"x";"x";"x";"x";"x";"x";"";"x"
"Bosrijk";46;44;46;42;44;38;39;22;42;32;40;31;34;26;22;13;23;17;28;24;32;32;34;26;37;29;42;38;"x";11;"x";"x";"x";"x";"x";12;"x";"x";"x";12;"x";13;45;58;43;58;30;52;23;37;20;32;23;27;16;24;51;34;53;37;54;42;59;46;68;63;61;66;64;61;22;20;23;20;27;20;30;21;27;17;34;18;28;20;10;13;12;15;12;16;10;17;12;16;11;16;13;14;"x";"x";"x";"x";"x";"x";"x";"x";"x";"x";"x";"x";"x";"x";"x";"x";"x";"x";"x";"x";"x";"x";"x";"x";"x";"x";"";"";"x";"x";"x";"x";"x";"x";"x";"x";"x";"x";"x";"x";"";""
"Burghplan";172;174;164;164;174;157;185;160;181;162;169;162;161;135;139;155;153;169;153;169;154;170;154;167;171;160;151;169;245;256;254;236;257;219;237;249;245;224;238;236;259;245;297;249;293;249;283;259;296;256;290;250;285;243;271;222;245;223;238;230;243;232;249;229;230;233;223;232;214;233;178;149;179;161;191;171;196;181;209;182;211;196;209;190;125;124;131;125;126;127;126;127;125;140;133;136;134;146;83;96;82;96;79;96;82;94;81;87;80;90;77;90;22;58;24;54;22;46;21;53;24;54;25;51;30;46;"x";10;"x";11;"x";14;"x";10;"x";11;"x";11;"x";10
"CastiliÃ«laan";"x";22;39;25;31;36;"x";"x";"x";"x";"x";"x";"x";"x";40;16;68;35;55;27;18;12;"x";11;"x";10;"x";"x";34;10;71;28;74;32;29;"x";"x";"x";"x";"x";"x";"x";29;12;51;23;46;25;"x";"x";"x";"x";"x";"x";"x";"x";13;"x";31;"x";22;"x";"x";"x";"x";"x";"x";"x";"x";"x";"x";"x";13;11;"x";"x";"x";"x";"x";"x";"x";"x";"x";"x";"x";"x";"x";"x";"x";"x";"x";"x";"x";"x";"x";"x";"x";"x";"x";"x";"x";"x";"x";"x";"x";"x";"x";"x";"x";"x";"x";"x";"x";"x";"x";"x";"x";"x";"x";"x";"x";"x";"x";"x";"x";"";"x";"x";"x";"x";"x";"x";"x";"x";"x";"x";"x";"x";"x";""
"Doornakkers-Oost";146;153;152;158;150;158;147;170;159;159;155;149;150;136;147;138;145;128;140;137;150;140;147;139;154;135;156;132;295;233;283;239;276;218;247;197;248;191;241;204;234;193;237;221;246;222;255;216;262;225;256;230;259;226;266;229;197;169;195;177;210;179;223;175;221;175;209;184;208;182;163;157;176;153;176;155;167;153;163;147;175;153;190;148;100;108;108;120;116;117;120;119;126;130;132;132;129;137;78;88;77;89;75;96;80;101;84;99;85;114;84;113;68;110;62;99;64;99;59;102;58;102;67;90;61;87;12;34;15;28;14;30;15;32;10;29;"x";33;13;40
"Doornakkers-West";202;175;210;181;207;175;200;166;197;162;182;153;175;155;151;148;162;147;163;155;177;160;172;158;167;152;185;143;444;310;441;305;458;303;408;297;412;286;421;302;436;335;308;275;320;276;315;276;310;271;298;255;300;271;305;264;264;236;283;225;259;224;247;214;248;225;238;212;246;214;208;198;197;212;198;203;204;218;210;223;209;219;208;213;188;133;196;151;195;165;177;155;176;156;187;152;179;156;84;109;90;96;92;90;107;99;109;97;103;110;112;113;33;50;29;52;30;57;31;56;38;61;35;56;32;52;"x";10;"x";12;"x";10;"x";"x";"x";"x";"x";"x";"x";10
"Drents Dorp";154;122;157;131;159;138;167;135;162;141;162;150;158;154;130;92;125;79;130;95;130;99;126;101;118;106;116;106;195;203;204;193;205;169;193;174;173;156;174;133;170;139;268;232;264;248;255;247;238;248;235;248;232;252;221;237;146;165;157;169;155;164;161;164;179;155;182;161;175;163;137;134;149;132;150;148;145;153;150;154;152;155;154;153;96;110;92;116;97;118;100;127;99;126;105;126;105;122;53;56;63;58;67;55;69;57;73;62;75;60;72;69;17;22;16;20;12;26;15;26;15;22;19;21;23;22;"x";10;"x";12;"x";10;"x";"x";"x";"x";"x";"x";"x";"x"
"Driehoeksbos";43;34;35;33;30;32;29;26;28;27;24;25;31;22;68;76;76;70;78;65;77;63;79;61;71;58;74;48;24;29;26;37;25;41;23;44;24;42;32;42;35;43;21;21;21;24;29;28;28;34;27;35;27;35;28;32;86;94;77;82;69;71;55;63;56;60;50;58;45;53;89;69;89;75;91;77;93;83;88;78;87;76;83;79;76;86;74;80;77;78;80;73;77;77;82;73;87;70;54;56;58;65;57;64;65;64;68;70;65;73;66;76;31;33;31;35;28;43;29;45;31;43;34;46;31;46;"x";"x";"x";"x";"x";"x";"x";"x";"x";"x";"x";"x";"x";"x"
"Eckart";226;231;219;225;218;216;240;200;225;210;217;218;206;220;231;235;238;237;232;237;225;234;223;256;228;245;221;237;304;272;294;269;306;262;270;275;297;267;287;281;307;289;248;261;258;252;248;239;261;247;266;268;274;276;271;275;276;260;253;263;244;272;243;271;233;264;245;249;219;238;248;266;262;270;260;283;255;289;276;297;268;301;283;307;211;246;218;231;217;227;232;219;217;217;222;223;220;232;232;290;226;288;210;274;197;277;186;257;185;248;178;239;90;154;100;164;106;175;113;175;124;179;123;178;125;174;"x";26;"x";31;"x";35;"x";31;"x";32;"x";25;11;22
"Eckartdal";"x";"x";"x";"x";"x";"x";"x";"x";"x";"x";"x";"x";"x";"";"x";"x";"x";"x";"x";"x";"x";"x";"x";"x";"x";"x";"x";"x";"x";"x";"x";"x";"x";"x";"x";"x";"x";"x";"x";"x";"x";"x";19;21;18;17;16;17;17;12;18;"x";18;"x";14;"x";24;20;22;20;23;19;23;22;19;24;19;23;22;22;43;41;42;40;43;37;40;37;44;35;47;34;40;35;39;21;34;22;36;26;38;30;38;28;34;29;38;29;23;13;26;12;26;11;23;"x";28;14;32;15;29;13;12;10;13;"x";14;"x";16;"x";15;"x";13;"x";15;"x";"x";"x";"x";"x";"x";"x";"x";"x";"x";"x";"x";"x";"x";"x"
"Eikenburg";82;75;79;75;77;62;71;56;58;52;63;63;72;59;125;138;125;153;125;145;112;138;129;132;123;121;116;120;41;36;43;46;47;42;61;58;64;71;68;60;66;52;48;57;63;65;56;61;62;62;62;59;67;71;59;70;102;123;95;125;94;115;93;111;95;111;93;110;90;97;132;133;135;138;139;152;147;150;145;145;141;143;145;144;76;78;82;80;80;76;85;85;89;94;88;94;91;95;47;55;51;59;54;62;57;64;63;65;72;67;72;72;25;31;24;30;22;35;22;43;16;45;15;43;17;41;"x";10;"x";11;"x";12;"x";"x";10;"x";"x";11;"x";11
"Eindhoven Airport";"x";"x";"x";"x";"x";"x";"x";"x";"x";"x";"x";"x";"";"";"x";"x";"x";"x";"x";"x";"x";"x";"x";"x";"x";"x";"";"";"x";"x";"x";"x";"x";"x";"x";"x";"x";"x";"x";"x";"";"";"x";"x";"x";"x";"x";"x";"x";"x";"x";"x";"x";"x";"x";"";"x";"x";"x";"x";"x";"x";"x";"x";"x";"x";"x";"x";"";"";"x";"x";"x";"x";"x";"x";"x";"x";"x";"x";"x";"x";"";"x";"x";"x";"x";"x";"x";"x";"x";"x";"x";"x";"x";"x";"x";"";"x";"x";"x";"x";"x";"x";"x";"x";"x";"x";"x";"x";"";"";"x";"x";"x";"x";"x";"x";"x";"x";"x";"x";"x";"x";"x";"x";"x";"x";"x";"x";"x";"x";"x";"x";"x";"x";"x";"x";"";""
"Eliasterrein, Vonderkwartier";182;166;195;181;189;184;184;182;172;177;167;163;155;158;151;146;141;123;149;128;135;148;147;140;157;143;164;136;362;296;367;310;337;328;324;290;346;297;341;284;337;282;282;262;278;255;273;254;280;255;266;248;263;243;271;242;236;218;238;217;242;214;246;224;247;220;238;216;229;211;203;195;207;198;204;195;194;192;183;190;188;195;192;193;105;114;112;125;132;129;146;130;153;135;161;144;169;145;62;56;60;49;60;51;64;63;67;61;69;70;67;84;29;60;31;60;33;61;34;59;37;53;34;51;37;47;"x";30;10;30;"x";30;"x";27;"x";34;"x";32;"x";27
"Elzent-Noord";38;30;38;26;41;33;42;35;42;38;36;42;38;35;47;32;49;43;61;40;72;40;62;42;60;35;63;46;107;86;123;77;113;86;106;67;120;72;131;82;117;73;79;49;72;51;81;56;91;57;115;70;101;76;94;65;67;47;65;47;64;50;68;53;78;50;66;40;63;45;56;53;63;55;76;53;72;58;66;64;72;66;71;64;65;75;60;72;52;68;53;59;53;53;56;50;52;44;50;38;51;38;58;39;53;48;59;53;59;56;65;56;16;18;15;20;13;20;16;22;19;19;22;20;22;23;"x";"x";"x";"x";"x";"x";"x";"x";"x";"x";"x";"x";"";"x"
"Elzent-Zuid";14;10;12;12;17;14;13;18;"x";15;"x";10;"x";"x";22;11;20;10;24;12;27;"x";24;13;24;15;24;16;"x";"x";"x";"x";"x";"x";"x";"x";11;14;14;12;12;13;"x";"x";10;10;10;13;12;13;"x";12;"x";10;"x";10;20;18;17;12;14;12;17;14;15;13;15;13;16;16;10;12;11;14;19;21;24;21;28;22;26;24;28;22;14;10;15;12;20;17;23;27;23;32;22;29;18;30;"x";11;"x";12;"x";12;16;19;18;19;27;27;27;25;"x";"x";"x";"x";"x";"x";"x";"x";"x";"x";10;"x";11;"x";"x";"x";"x";"x";"x";"x";"x";"x";"x";"x";"x";"x";"";"x"
"Engelsbergen";23;24;17;20;18;20;15;21;18;23;16;22;15;16;32;32;33;33;35;37;31;39;28;38;28;41;30;46;67;47;67;55;58;52;62;56;56;45;52;44;48;38;41;27;38;27;39;28;41;27;43;26;41;30;41;37;37;37;34;39;38;41;34;36;30;33;32;34;33;29;59;53;62;48;60;50;60;49;59;51;55;49;55;51;49;55;45;53;42;46;49;49;43;47;48;48;47;46;25;19;27;25;30;29;30;32;40;34;36;33;39;37;"x";12;12;10;12;13;10;13;"x";15;"x";16;"x";13;"x";"x";"x";"x";"x";"x";"x";"x";"x";"x";"x";"x";"x";"x"
"Esp";"x";"x";"x";"x";"x";"x";"x";"x";"x";"x";"x";"x";"";"";"x";"x";"x";"x";"x";"x";"x";"x";"x";"x";"x";"x";"";"";"x";"x";"x";"x";"x";"x";"x";"x";"x";"x";"x";"x";"";"x";"x";"x";"x";"x";"x";"x";"x";"x";"x";"x";"x";"x";"x";"";"x";"x";"x";"x";"x";"x";"x";"x";"x";"x";"x";"x";"x";"";"x";"x";"x";"x";"x";"x";"x";"x";"x";"x";"x";"x";"x";"";"x";"x";"x";"x";"x";"x";"x";"x";"x";"x";"x";"x";"";"x";"x";"x";"x";"x";"x";"x";"x";"x";"x";"x";"x";"x";"x";"x";"x";"x";"x";"x";"x";"x";"x";"x";"x";"x";"x";"x";"x";"x";"x";"x";"x";"x";"x";"x";"x";"x";"x";"x";"x";"x";"";""
"Fellenoord";"x";"x";"x";"x";"x";"x";"x";"x";"x";"x";"x";"x";"x";"";"x";"x";"x";"x";"x";"x";"x";"x";"x";"x";"x";"x";"x";"x";"x";"x";"x";"x";47;48;69;46;62;53;63;46;64;53;"x";"x";"x";"x";22;14;21;15;29;19;24;20;20;16;"x";"x";"x";"x";"x";"x";"x";"x";"x";"x";"x";"x";"x";"x";"x";"x";"x";"x";"x";"x";"x";"x";"x";"x";"x";"x";"x";"";"x";"x";"x";"x";"x";"x";"x";"x";"x";"x";"x";"x";"";"";"x";"x";"x";"x";"x";"x";"x";"x";"x";"x";"x";"x";"";"";"x";"x";"x";"x";"x";"x";"x";"x";"x";"x";"x";"x";"";"";"x";"x";"x";"x";"x";"x";"x";"x";"x";"x";"x";"x";"";""
"Flight Forum";"x";"x";"x";"x";"x";"x";"x";"x";"x";"x";"x";"x";"";"";"x";"x";"x";"x";"x";"x";"x";"x";"x";"x";"x";"x";"";"";"x";"x";"x";"x";"x";"x";"x";"x";"x";"x";"x";"x";"";"";"x";"x";"x";"x";"x";"x";"x";"x";"x";"x";"x";"x";"x";"x";"x";"x";"x";"x";"x";"x";"x";"x";"x";"x";"x";"x";"";"";"x";"x";"x";"x";"x";"x";"x";"x";"x";"x";"x";"x";"";"";"x";"x";"x";"x";"x";"x";"x";"x";"x";"x";"x";"x";"";"";"x";"x";"x";"x";"x";"x";"x";"x";"x";"x";"x";"x";"";"";"x";"x";"x";"x";"x";"x";"x";"x";"x";"x";"x";"x";"";"";"x";"x";"x";"x";"x";"x";"x";"x";"x";"x";"x";"x";"";""
"Genderbeemd";195;192;198;188;206;200;189;180;179;178;201;169;192;164;196;185;196;182;192;184;194;182;189;174;179;171;156;173;196;187;220;213;216;192;230;204;245;204;248;202;247;195;251;234;260;232;289;244;294;239;291;257;300;258;316;267;250;233;254;239;250;233;248;233;243;222;252;213;239;192;245;260;251;258;245;248;238;234;244;226;227;216;240;231;284;304;292;309;277;301;277;290;267;283;259;267;235;253;119;110;120;113;142;131;153;154;169;167;171;181;175;191;45;75;33;53;39;50;37;45;46;46;49;51;48;51;16;39;11;29;"x";17;"x";13;"x";10;"x";11;"x";"x"
"Genderdal";115;102;121;129;117;125;107;133;117;146;115;148;117;136;115;123;122;125;126;122;129;117;140;116;135;118;132;120;316;270;351;286;343;290;345;283;324;274;320;257;304;265;243;173;253;190;250;200;260;220;277;227;286;243;275;244;171;139;186;145;191;152;198;153;196;153;204;155;195;148;171;146;172;150;185;158;177;155;174;152;175;151;184;156;125;125;120;128;125;136;121;126;129;134;134;131;137;134;108;123;106;116;104;114;110;131;113;129;110;130;103;128;46;95;48;93;50;84;46;77;47;75;56;71;58;77;"x";"x";"x";"x";"x";11;"x";14;"x";12;"x";15;"";11
"Generalenbuurt";312;247;296;229;284;237;267;227;254;220;225;214;203;214;245;254;251;251;247;249;258;236;285;232;296;230;277;234;442;445;464;403;455;391;455;408;461;410;499;412;543;422;468;398;449;405;448;406;454;392;476;386;484;379;447;375;306;331;311;312;323;298;326;301;309;306;311;300;316;303;338;305;351;320;351;327;347;331;354;328;339;346;325;325;271;266;271;271;264;278;258;264;256;267;267;263;270;251;203;261;213;241;210;229;220;239;231;234;224;235;220;216;129;182;127;194;141;197;137;197;141;204;139;206;129;211;17;32;17;40;13;40;22;47;20;47;25;43;28;41
"Gennep";"x";"x";"x";"x";"x";"x";"x";"x";"x";"x";"x";"x";"x";"x";"x";"x";"x";"x";"x";"x";"x";"x";"x";"x";"x";"x";"x";"";"x";"x";"x";"x";"x";"x";"x";"x";"x";"x";"x";"x";"x";"x";"x";"x";"x";"x";"x";"x";"x";"x";"x";"x";"x";"x";"x";"x";"x";"x";"x";"x";"x";"x";"x";"x";"x";"x";"x";"x";"x";"x";"x";"x";"x";"x";"x";"x";"x";"x";"x";"x";"x";"x";"x";"x";"x";"x";"x";"x";"x";"x";"x";"x";"x";"x";"x";"x";"";"x";"x";"x";"x";"x";"x";"x";"x";"x";"x";"x";"x";"x";"x";"x";"x";"x";"x";"x";"x";"x";"x";"x";"x";"x";"x";"x";"";"";"x";"x";"x";"x";"x";"x";"x";"x";"x";"x";"x";"x";"";""
"Genneperzijde";50;52;49;53;53;44;50;42;52;38;50;32;48;28;57;65;53;70;54;74;65;82;75;89;76;84;68;85;39;35;45;30;40;34;70;50;84;66;95;71;92;58;40;56;37;51;42;52;37;43;37;42;33;38;41;37;67;66;71;68;72;66;71;64;67;69;58;58;53;59;64;59;65;63;67;66;65;63;68;65;69;74;67;69;51;55;55;63;60;60;72;72;76;75;75;70;78;71;52;62;53;65;54;72;57;74;62;86;69;89;80;94;68;147;61;139;70;148;79;152;80;152;69;144;71;138;29;77;23;81;22;81;19;71;24;72;28;78;27;87
"Gerardusplein";207;196;229;217;224;219;233;221;225;219;209;193;190;177;216;178;201;176;210;183;210;191;208;180;214;187;214;197;296;224;304;224;316;216;318;243;321;254;322;238;305;238;234;248;246;252;260;268;279;255;267;243;271;244;266;247;252;251;261;256;265;255;244;260;263;264;249;234;243;229;200;202;197;206;194;216;196;213;196;227;209;245;205;240;128;137;123;144;133;149;137;151;143;148;147;156;155;167;62;68;75;72;78;72;84;75;85;81;92;89;88;97;14;35;14;31;12;28;13;26;18;27;19;30;20;29;"x";"x";"x";"x";"x";"x";"x";"x";"x";"x";"x";"x";"x";12
"Gijzenrooi";90;79;90;78;101;81;100;77;98;78;93;67;92;64;147;151;141;136;126;130;117;120;100;111;109;103;101;91;62;75;66;75;62;78;65;92;82;85;72;102;73;96;81;82;81;84;76;87;72;82;71;92;74;84;78;96;117;150;103;133;108;120;108;109;100;96;96;99;97;90;220;200;219;200;208;207;202;210;197;203;175;192;159;192;132;134;137;145;138;145;147;152;154;156;170;156;181;152;62;53;69;57;80;67;83;74;80;74;85;83;87;92;19;27;20;28;18;30;21;28;18;29;19;35;20;36;"x";"x";"x";"x";"x";"x";"x";"x";"x";"x";"x";"x";"x";"x"
"Gildebuurt";47;38;39;33;39;48;43;46;33;47;39;45;32;51;61;51;55;49;50;44;64;48;45;34;44;36;62;46;263;204;295;207;284;227;330;223;320;238;318;239;296;213;142;88;128;80;134;89;130;112;130;105;145;123;161;119;73;66;62;56;66;61;82;56;72;50;78;51;81;57;75;66;84;63;87;63;76;53;79;59;81;57;83;66;93;99;89;103;90;99;90;99;84;95;73;88;65;78;76;89;76;95;75;93;77;96;76;93;78;87;82;92;32;50;32;50;36;46;37;47;36;48;34;54;34;50;"x";"x";"x";"x";"x";"x";"x";"x";"x";10;"x";"x";"x";"x"
"Grasrijk";551;532;536;519;522;496;536;493;529;486;493;484;479;462;314;286;336;309;361;356;378;379;412;374;430;388;436;391;187;234;188;223;210;236;240;254;224;217;219;204;206;198;574;636;548;607;526;623;552;625;559;619;554;617;559;600;573;445;584;493;616;501;629;536;623;545;600;550;572;553;225;216;244;219;262;231;291;246;317;268;335;282;369;286;175;177;190;186;196;199;197;209;194;208;203;200;187;194;71;71;74;72;77;75;87;86;101;96;106;102;126;126;18;22;20;27;19;23;26;31;30;30;33;40;31;37;"x";"x";"x";"x";"x";"x";"x";"x";"x";"x";"x";"x";"x";"x"
"Hagenkamp";29;40;30;36;30;36;33;32;39;38;40;35;38;39;24;25;32;27;31;26;31;26;33;26;30;27;26;27;100;103;94;97;94;92;95;96;95;95;80;86;78;83;100;72;105;63;107;68;105;68;109;68;111;81;108;81;58;61;63;59;64;55;73;57;69;56;68;55;68;62;59;44;69;43;64;42;58;44;59;45;63;46;55;45;51;54;53;62;53;60;48;58;40;50;39;50;46;48;45;65;55;85;57;87;60;84;61;78;62;79;68;75;52;115;61;118;51;112;52;117;50;124;48;127;44;113;11;32;10;37;18;37;16;36;21;33;23;33;25;43
"Hanevoet";211;176;206;165;204;161;183;175;172;174;169;174;162;163;250;229;243;227;239;235;244;231;238;228;245;226;240;218;195;128;186;144;179;141;182;140;193;159;198;166;194;165;219;249;203;220;192;214;199;211;205;216;202;213;219;215;282;284;278;303;268;307;250;293;245;281;239;285;236;272;264;276;277;272;277;264;287;264;270;270;269;256;259;273;234;279;229;281;226;278;222;264;225;253;224;252;224;242;167;166;176;180;189;202;196;211;198;219;195;230;187;228;47;69;48;70;46;76;48;73;48;70;56;71;60;75;"x";"x";"x";"x";"x";"x";"x";"x";"x";11;"x";11;"x";11
"Heesterakker";142;148;134;150;140;137;146;145;138;133;134;139;132;134;182;182;167;182;169;175;164;160;160;152;148;153;150;156;110;119;118;125;103;118;122;118;122;121;131;127;122;119;144;152;140;151;140;141;144;148;134;138;150;140;154;133;228;219;224;205;205;203;201;201;191;192;180;181;161;177;233;229;224;229;238;232;237;235;234;241;230;228;230;224;189;208;194;208;187;208;180;195;183;172;178;170;175;174;119;103;127;114;132;119;134;126;135;143;138;152;150;154;33;31;35;33;34;34;39;40;46;41;46;49;43;47;"x";"x";"x";"x";"x";"x";"x";"x";"x";"x";"x";"x";"x";"x"
"Hemelrijken";135;119;138;116;136;120;136;136;135;129;123;141;147;154;130;124;130;137;146;142;173;152;167;156;205;164;203;169;663;452;744;503;761;493;784;506;823;497;798;479;797;498;333;254;318;278;298;251;317;241;315;247;356;264;369;258;256;147;264;151;273;164;252;184;269;189;252;196;243;205;159;154;165;150;169;152;178;141;187;148;231;157;236;158;122;119;112;121;118;123;124;125;139;123;138;121;137;115;75;81;76;83;77;82;79;82;74;81;74;84;73;87;25;42;26;44;29;43;29;43;34;45;36;45;34;46;"x";"x";"x";"x";"x";"x";"x";"x";"x";"x";"x";"x";"x";"x"
"Herdgang";"x";"x";"x";"x";"x";"x";"x";"x";"x";"x";"x";"x";"";"";"x";"x";"x";"x";"x";"x";"x";"x";"x";"x";"x";"x";"x";"x";"x";"x";"x";"x";"x";"x";"x";"x";"x";"x";"x";"x";"x";"";"x";"x";"x";"x";"x";"x";"x";"x";"x";"x";"x";"x";"";"";"x";"x";"x";"x";"x";"x";"x";"x";"x";"x";"x";"x";"";"";"x";"x";"x";"x";"x";"x";"x";"x";"x";"x";"x";"x";"x";"x";"x";"x";"x";"x";"x";"x";"x";"x";"x";"x";"x";"x";"";"";"x";"x";"x";"x";"x";"x";"x";"x";"x";"x";"x";"x";"x";"x";"x";"x";"x";"x";"x";"x";"x";"x";"x";"x";"x";"x";"";"";"x";"x";"x";"x";"x";"x";"x";"x";"x";"x";"x";"x";"";""
"Het Ven";228;205;243;223;221;222;215;216;223;205;201;190;185;195;197;233;211;230;216;222;215;230;206;208;193;184;189;172;351;317;350;308;350;313;363;304;381;330;431;317;379;305;345;290;359;311;340;318;336;320;328;317;323;308;327;312;311;279;308;279;315;281;301;283;282;263;263;250;235;236;237;217;246;223;247;208;247;213;256;225;237;224;241;225;186;173;194;180;192;190;188;187;182;182;178;172;164;159;126;142;120;137;120;131;124;124;111;129;117;125;134;127;52;113;54;109;51;106;53;102;65;102;65;106;59;101;"x";43;13;41;"x";48;"x";48;"x";43;10;38;"x";36
"Hondsheuvels";"x";"x";"x";"x";"x";"x";"x";"x";"x";"x";"x";"x";"x";"x";"x";"x";"x";"x";"x";"x";"x";"x";"x";"x";"x";"x";"x";"x";11;29;11;26;"x";23;"x";15;"x";17;"x";18;"x";12;"x";"x";"x";"x";"x";"x";"x";"x";"x";"x";"x";"x";"x";"x";"x";"x";"x";"x";"x";"x";"x";"x";"x";"x";"x";"x";"x";"x";"x";"x";"x";"x";"x";"x";"x";"x";"x";"x";"x";"x";"x";"x";10;"x";11;"x";10;"x";"x";"x";"x";"x";10;"x";12;"x";23;24;19;21;19;20;14;26;13;26;16;25;18;34;39;84;39;77;32;74;29;75;33;78;33;77;34;74;"x";35;"x";41;11;35;12;43;11;45;12;43;11;36
"Hurk";"x";"x";"x";"x";"x";"x";"x";"x";"x";"x";"x";"x";"";"";"x";"x";15;13;13;12;12;"x";10;14;"x";11;"x";10;10;"x";"x";"x";13;"x";11;"x";"x";"x";"x";"x";"x";"x";"x";"x";"x";"x";"x";"x";"x";"x";"x";"x";10;"x";11;"x";"x";"x";"x";"x";"x";"x";"x";"x";"x";"x";"x";"x";"x";"x";"x";"x";"x";"x";"x";"x";"x";"x";"x";"x";"x";"x";"x";"x";"x";"x";"x";"x";"x";"x";"x";"x";"x";"x";"x";"x";"x";"x";"x";"x";"x";"x";"x";"x";"x";"x";"x";"x";"x";"x";"x";"x";"x";"x";"x";"x";"x";"x";"x";"x";"x";"x";"x";"x";"";"";"x";"x";"x";"x";"x";"x";"x";"x";"x";"x";"x";"x";"";""
"Irisbuurt";78;81;97;84;98;79;96;82;104;83;102;81;110;83;109;55;100;60;96;59;106;66;90;71;89;74;89;82;268;207;285;238;313;227;289;213;350;232;356;254;336;284;234;181;240;204;256;198;257;199;260;197;287;206;292;212;156;121;160;126;145;127;154;129;146;126;156;135;157;140;139;106;134;110;134;109;129;107;140;117;142;116;150;117;80;73;87;79;93;85;97;86;102;94;103;97;106;95;42;39;45;39;47;35;55;37;49;35;53;38;63;43;21;27;23;31;22;32;22;29;25;25;22;26;19;30;"x";"x";"x";"x";"x";"x";"x";"x";"x";"x";"x";"x";"x";"x"
"Jagershoef";173;192;186;185;189;185;177;181;181;177;164;170;161;156;208;201;190;204;201;199;218;208;223;206;222;210;217;204;235;233;239;226;233;227;217;213;230;237;232;218;225;219;211;239;221;252;232;263;237;250;230;242;242;236;255;233;199;237;206;219;202;209;198;221;201;227;186;224;184;227;174;223;178;229;185;242;185;232;188;240;197;245;206;242;195;203;186;208;169;194;165;204;171;195;170;201;165;196;178;231;173;218;172;206;175;192;168;181;163;172;163;159;84;124;88;129;87;139;92;144;97;152;96;142;90;142;"x";15;"x";18;"x";19;"x";19;"x";25;11;26;"x";25
"Joriskwartier";45;35;40;37;40;39;39;38;47;41;52;41;58;43;55;34;58;44;63;36;61;33;62;39;48;35;41;33;162;132;152;132;154;148;172;151;192;175;203;191;212;176;95;72;95;76;109;66;101;72;121;87;134;103;138;100;76;77;76;80;69;79;64;75;78;73;76;72;75;67;52;59;56;59;55;64;60;66;60;74;55;68;56;71;37;44;44;44;47;45;49;40;45;40;47;39;43;41;30;46;28;43;28;42;21;36;26;38;28;39;30;38;24;39;20;36;24;31;23;31;23;32;20;30;19;26;"x";16;"x";15;"x";16;"x";14;"x";14;"x";12;"x";10
"Kapelbeemd";"x";"x";"x";"x";"x";"x";"x";"x";"x";"x";"x";"x";"x";"x";10;10;11;"x";10;"x";"x";"x";"x";"x";"x";"x";"x";"x";"x";"x";"x";"x";"x";"x";"x";"x";"x";"x";"x";"x";"x";"x";"x";"x";"x";"x";"x";"x";"x";"x";"x";"x";"x";"x";"x";"x";10;"x";"x";"x";"x";"x";"x";"x";"x";"x";"x";"x";"x";"x";12;12;14;12;11;12;10;13;"x";"x";"x";"x";"x";"x";"x";"x";"x";"x";"x";"x";"x";"x";"x";"x";"x";"x";"x";"x";"x";"x";"x";"x";"x";"x";"x";"x";"x";"x";"x";"x";"x";"x";"x";"x";"x";"x";"x";"x";"x";"x";"x";"x";"x";"x";"x";"x";"x";"x";"x";"x";"x";"x";"x";"x";"x";"x";"x";"x";"";""
"Karpen";10;"x";10;10;"x";10;"x";10;13;18;17;15;19;16;25;28;23;26;25;23;28;21;24;26;23;32;21;28;12;"x";10;"x";"x";"x";"x";"x";12;"x";10;11;16;14;"x";"x";"x";"x";"x";"x";"x";"x";"x";13;"x";13;12;13;17;17;16;19;16;17;21;17;24;19;25;17;26;19;46;43;49;41;48;44;42;46;45;46;42;46;35;42;36;48;33;47;29;40;32;32;25;34;27;31;36;36;34;40;38;39;41;43;38;45;45;42;41;43;37;38;22;26;19;27;20;29;21;30;18;29;20;26;19;26;"x";"x";"x";"x";"x";"x";"x";"x";"x";"x";"x";"x";"x";"x"
"Kerkdorp Acht";140;102;146;110;141;111;131;112;127;127;121;134;124;141;220;223;215;197;218;198;226;207;209;192;229;195;231;195;162;139;183;138;177;142;167;133;184;145;179;146;178;138;131;112;119;117;125;128;126;127;128;131;134;145;132;166;215;248;221;233;207;223;198;225;195;205;205;215;196;202;371;392;363;383;354;373;341;348;332;344;315;326;304;322;294;269;284;282;300;289;298;279;299;282;311;281;298;279;155;136;173;152;172;169;186;182;196;199;200;193;208;203;62;94;62;93;71;83;71;86;74;89;77;103;80;102;"x";30;"x";25;"x";30;"x";30;"x";30;"x";29;"x";31
"Kerstroosplein";107;93;106;84;105;78;105;72;99;70;92;76;90;73;117;119;106;99;104;88;93;87;102;90;103;75;104;78;224;170;234;188;225;200;236;167;233;164;210;170;212;176;183;143;186;142;186;139;174;151;177;138;178;138;178;137;145;143;139;137;130;138;136;134;131;139;131;135;131;138;109;138;108;138;113;145;120;145;120;138;124;133;118;125;88;65;85;72;79;75;83;76;88;77;83;81;88;91;41;47;40;42;51;45;46;43;48;45;44;41;41;34;10;16;13;20;12;21;10;16;11;14;14;13;17;20;"x";"x";"x";"x";"x";"x";"x";"x";"x";"x";"x";"x";"x";"x"
"Koudenhoven";23;21;21;25;19;23;20;19;22;16;24;22;26;26;21;16;20;14;18;23;22;29;21;36;23;36;32;33;15;12;15;14;17;11;17;10;16;"x";16;"x";10;"x";15;18;11;17;11;14;11;18;13;19;14;21;13;24;33;29;31;24;33;26;38;30;39;30;39;33;41;35;38;36;42;41;41;43;45;40;42;38;44;34;38;29;50;50;43;46;44;41;37;41;34;39;35;42;38;38;34;38;38;37;36;41;39;41;42;39;40;39;41;41;23;23;22;24;24;23;17;20;19;24;19;19;16;20;"x";"x";"x";"x";"x";"x";"x";"x";"x";"x";"x";"x";"x";"x"
"Kronehoef";158;155;168;132;171;131;155;129;158;129;152;123;165;124;160;171;165;161;167;156;164;156;169;155;171;152;168;154;364;296;393;332;421;325;465;342;462;337;438;363;454;390;287;226;269;222;277;241;305;250;310;246;330;250;378;267;230;211;219;200;220;189;227;188;216;181;211;188;206;185;182;180;198;183;216;185;212;193;219;198;229;202;247;190;182;157;175;156;162;168;168;172;169;170;168;177;170;192;160;210;164;210;173;204;170;201;160;188;163;197;166;186;157;338;152;329;152;317;164;301;173;297;180;312;166;295;40;111;39;122;36;129;39;142;38;132;43;133;50;125
"Kruidenbuurt";173;160;182;166;174;159;153;165;231;200;235;204;223;213;123;134;116;133;120;140;130;138;151;163;171;169;180;163;244;187;234;198;240;186;200;184;219;243;248;250;250;259;237;248;225;242;219;225;215;223;249;275;257;281;270;295;212;190;210;198;202;202;216;201;239;218;232;230;234;224;155;175;154;174;160;176;158;173;167;187;165;189;178;186;137;119;139;120;139;121;131;129;136;121;130;122;130;132;52;49;54;44;59;52;67;54;73;65;78;71;79;69;12;13;15;18;15;15;14;15;14;15;14;18;16;25;"x";"x";"x";"x";"x";"x";"x";"x";"x";"x";"x";"x";"x";""
"Lakerlopen";172;165;187;153;177;142;177;145;160;141;158;132;135;132;142;136;141;132;136;135;139;133;127;126;121;127;129;115;437;387;478;388;493;373;482;351;475;364;463;372;428;366;338;286;344;297;348;299;359;287;361;283;357;277;340;272;224;184;233;192;240;185;245;206;241;199;243;213;238;213;147;129;150;128;149;128;149;121;156;130;170;138;176;138;130;122;128;132;128;122;130;121;121;121;117;111;117;117;87;105;88;104;82;112;79;107;84;101;85;110;87;111;30;47;34;44;41;46;42;51;41;57;44;58;44;55;"x";"x";"x";"x";"x";"x";"x";"x";"x";"x";"x";"x";"x";"x"
"Leenderheide";"x";"x";"x";"x";"x";"x";"x";"x";"x";"x";"x";"x";"";"";"x";"x";"x";"x";"x";"x";"x";"x";"x";"x";"x";"x";"";"";"x";"x";"x";"x";"x";"x";"x";"x";"x";"x";"x";"x";"";"";"x";"x";"x";"x";"x";"x";"x";"x";"x";"x";"x";"x";"";"";"x";"x";"x";"x";"x";"x";"x";"x";"x";"x";"x";"x";"";"";"x";"x";"x";"x";"x";"x";"x";"x";"x";"x";"x";"x";"";"";"x";"x";"x";"x";"x";"x";"x";"x";"x";"x";"x";"x";"";"";"x";"x";"x";"x";"x";"x";"x";"x";"x";"x";"x";"x";"";"";"x";"x";"x";"x";"x";"x";"x";"x";"x";"x";"x";"x";"";"";"x";"x";"x";"x";"x";"x";"x";"x";"x";"x";"x";"x";"";""
"Lievendaal";212;160;205;178;196;171;197;172;174;172;177;158;167;149;162;123;168;123;169;128;169;135;186;125;199;143;198;138;186;213;197;216;206;220;218;208;216;210;213;209;202;206;336;288;323;310;316;306;294;301;298;281;277;269;271;258;245;202;251;208;246;209;250;209;241;217;269;228;267;251;179;183;192;179;200;173;198;180;210;182;208;188;212;182;163;166;165;172;167;174;156;177;160;164;155;157;161;161;100;97;96;101;100;104;109;105;104;111;105;111;109;111;36;50;32;46;37;50;36;47;36;49;37;46;41;45;"x";17;"x";12;"x";15;"x";11;"x";11;"x";"x";"";"x"
"Limbeek-Noord";58;53;59;56;58;53;54;55;50;46;53;73;48;70;105;55;100;50;97;48;123;72;130;66;111;75;110;67;551;395;600;413;614;398;589;386;587;377;616;388;631;377;318;188;297;191;265;204;269;200;300;192;282;206;276;190;174;78;183;77;187;80;178;73;166;74;177;85;173;94;91;62;91;68;95;67;93;63;102;58;109;60;115;54;72;67;78;66;79;64;76;59;78;50;73;49;67;53;42;37;43;38;41;40;40;42;34;44;30;38;34;34;16;17;11;17;12;18;"x";16;14;14;16;18;15;17;"x";"x";"x";"x";"x";"x";"x";"x";"x";"x";"x";"x";"x";"x"
"Limbeek-Zuid";67;49;69;58;73;57;65;55;68;54;59;52;51;50;61;55;69;61;74;59;72;59;72;53;72;58;75;58;123;97;198;124;174;132;169;126;157;120;157;113;148;119;125;109;126;112;125;111;117;98;127;105;128;97;129;94;100;91;93;87;91;93;81;93;82;89;83;85;78;79;108;108;112;111;111;114;114;113;114;104;109;106;101;100;76;66;77;72;86;75;91;82;90;99;94;104;95;111;21;27;27;24;30;25;31;28;35;28;41;31;45;37;"x";12;"x";17;"x";16;"x";13;"x";11;"x";10;"x";"x";"x";"x";"x";"x";"x";"x";"x";"x";"x";"x";"x";"x";"";""
"Looiakkers";13;18;12;21;15;21;17;17;16;12;11;"x";12;10;10;17;17;20;16;16;17;20;15;20;16;19;15;17;110;72;117;99;107;102;108;105;120;103;131;109;138;108;59;45;57;35;53;34;55;43;67;54;62;53;65;52;24;17;31;18;30;19;33;24;33;28;33;24;40;28;29;20;24;20;22;21;17;21;19;21;20;18;26;24;18;16;19;17;21;19;25;22;22;23;19;23;26;33;"x";14;"x";12;"x";10;"x";12;"x";11;"x";11;26;29;"x";10;"x";"x";"x";"x";"x";"x";"x";"x";"x";"x";"x";"x";"x";"x";"x";"x";"x";"x";"x";"x";"x";"x";"x";"x";"x";"x"
"Luytelaer";27;20;29;26;32;28;36;38;35;39;34;35;38;32;52;36;50;29;51;41;47;40;42;40;44;40;47;42;22;22;26;28;33;21;34;27;33;26;31;24;36;22;22;28;23;30;22;33;26;38;28;30;33;34;28;32;42;48;39;46;48;45;55;50;53;47;51;46;47;52;75;77;77;70;73;65;73;60;65;60;63;58;72;59;83;72;79;74;82;79;70;72;73;71;74;72;69;73;82;111;80;108;75;96;78;97;76;89;77;84;78;78;55;49;50;54;52;62;54;64;59;74;60;71;57;77;"x";"x";"x";"x";"x";"x";"x";"x";"x";"x";"x";"x";"x";"x"
"Meerbos";"x";"x";"x";"x";"x";"x";"x";"x";"x";"x";"x";"x";"x";"x";"x";"x";"x";"x";"x";"x";"x";"x";"x";"x";"x";"x";"x";"x";"x";"x";"x";"x";"x";"x";"x";"x";"x";"x";"x";"x";"x";"x";"x";"x";"x";"x";"x";"x";"x";"x";"x";"x";"x";"x";"x";"x";"x";"x";"x";"x";"x";"x";"x";"x";"x";"x";"x";"x";"x";"x";"x";"x";"x";"x";"x";"x";"x";"x";"x";"x";"x";"x";"x";"x";"x";"x";"x";"x";"x";"x";"x";"x";"x";"x";"x";"x";"x";"x";"x";"x";"x";"x";"x";"x";"x";"x";"x";"x";"x";"x";"x";"x";"x";"x";"x";"x";"x";"x";"x";"x";"x";"x";"x";"x";"";"";"x";"x";"x";"x";"x";"x";"x";"x";"x";"x";"x";"x";"";""
"Meerrijk";16;12;19;23;20;23;16;21;36;18;35;15;48;18;"x";"x";"x";"x";"x";"x";"x";"x";10;10;"x";10;12;10;80;77;82;80;76;70;67;70;76;68;58;67;74;72;54;27;76;48;85;52;90;53;116;74;116;77;116;81;17;10;30;17;27;19;24;13;33;21;35;19;37;20;21;31;30;33;35;40;33;34;38;36;27;31;37;32;16;21;27;28;28;30;28;36;36;52;42;52;58;66;13;13;17;18;21;23;29;28;37;29;36;31;54;52;"x";"x";"x";"x";"x";"x";"x";"x";"x";"x";"x";"x";"x";"x";"x";"x";"x";"x";"x";"x";"x";"x";"x";"x";"x";"x";"";"x"
"Mensfort";162;130;153;129;139;131;146;132;136;135;137;146;146;139;154;133;148;142;160;146;164;143;150;126;152;116;137;130;298;267;306;269;308;273;292;270;320;280;317;286;304;263;286;226;283;222;243;216;261;220;256;236;287;241;311;255;224;174;232;176;237;174;239;170;225;174;209;165;196;151;172;177;168;169;185;175;185;172;197;177;189;169;192;174;160;152;175;163;164;163;154;154;151;149;159;147;146;154;101;128;98;121;106;125;110;121;110;107;129;116;128;114;45;81;47;84;44;78;48;72;47;81;42;76;52;72;"x";"x";"x";"x";"x";10;"x";13;"x";"x";"x";11;"x";"x"
"Mispelhoef";"x";"x";"x";"x";"x";"x";"x";"x";"x";"x";"x";"x";"x";"x";"x";"x";"x";"x";"x";"x";"x";"x";"x";"x";"x";"x";"x";"";"x";"x";"x";"x";"x";"x";"x";"x";"x";"x";"x";"x";"x";"x";"x";"x";"x";"x";"x";"x";"x";"x";"x";"x";"x";"x";"";"x";"x";"x";"x";"x";"x";"x";"x";"x";"x";"x";"x";"x";"x";"x";"x";"x";"x";"x";"x";"x";"x";"x";"x";"x";"x";"x";"";"x";"x";"x";"x";"x";"x";"x";"x";"x";"x";"x";"x";"x";"x";"x";"x";"x";"x";"x";"x";"x";"x";"x";"x";"x";"x";"x";"x";"x";"x";"x";"x";"x";"x";"x";"x";"x";"x";"x";"x";"x";"";"";"x";"x";"x";"x";"x";"x";"x";"x";"x";"x";"x";"x";"";""
"Muschberg, Geestenberg";224;218;225;204;218;207;212;186;193;166;207;157;179;141;218;167;218;175;233;179;217;201;216;194;197;209;215;217;364;275;350;267;340;248;330;253;355;268;374;257;375;236;312;293;309;291;296;290;284;278;293;270;292;291;282;285;316;268;320;269;303;273;303;276;281;278;275;268;268;264;247;230;244;233;264;243;253;250;252;236;253;230;272;242;267;296;252;291;238;272;237;251;231;242;228;226;217;210;137;147;150;156;166;178;175;206;176;216;182;226;195;228;39;51;38;57;36;60;36;60;38;64;41;67;46;63;"x";"x";"x";"x";"x";"x";"x";"x";"x";"x";"x";"x";"x";"x"
"Nieuwe Erven";45;42;40;41;41;33;40;36;39;41;41;38;37;42;48;46;47;48;46;44;54;51;47;49;57;44;48;47;145;130;157;108;152;120;179;142;172;128;144;127;134;127;117;91;106;82;93;76;104;84;103;88;107;86;108;76;79;59;72;59;73;58;76;60;79;67;75;67;72;68;67;39;71;47;68;47;55;47;45;47;50;55;54;55;43;53;44;49;45;50;51;52;52;51;48;50;45;46;27;28;28;26;30;25;30;33;30;38;30;37;30;40;"x";15;"x";15;"x";18;11;21;14;22;15;23;15;22;"x";"x";"x";"x";"x";"x";"x";"x";"x";"x";"x";"x";"x";"x"
"Ooievaarsnest";39;41;39;40;41;42;44;46;48;44;43;35;44;39;60;50;60;59;56;55;65;60;57;64;57;69;60;69;33;27;35;28;36;27;35;21;26;12;32;15;26;20;34;36;35;40;39;44;39;38;34;36;36;33;36;34;51;64;52;59;51;55;63;61;66;63;61;65;61;64;63;64;58;59;64;64;61;61;56;57;58;58;59;63;97;93;94;97;82;88;71;80;67;78;68;72;74;66;55;49;62;49;68;54;74;61;80;64;75;65;75;71;15;15;15;18;14;20;15;20;16;24;20;26;23;30;"x";"x";"x";"x";"x";"x";"x";"x";"x";"x";"x";"x";"x";"x"
"Oude Gracht-Oost";77;60;75;63;73;66;68;60;68;63;70;69;70;65;104;83;98;80;97;79;97;79;103;80;98;80;102;85;47;39;53;45;63;37;61;38;52;41;63;40;67;36;51;48;52;45;50;51;52;54;55;55;53;60;57;64;93;101;92;103;86;95;85;86;74;85;81;86;79;84;96;118;96;113;101;118;98;123;103;121;97;111;98;106;87;81;85;88;90;91;95;90;85;92;90;95;87;93;52;81;48;75;47;66;54;68;66;67;65;67;66;70;34;52;42;56;38;62;37;57;34;60;34;59;32;53;"x";"x";"x";"x";"x";"x";"x";"x";"x";"x";"x";11;"x";13
"Oude Gracht-West";121;116;135;107;129;104;142;118;138;117;127;115;129;106;102;101;103;101;111;103;124;117;116;114;134;115;119;104;240;208;228;199;239;186;256;195;266;216;258;246;242;254;240;202;234;194;240;200;247;213;243;208;256;201;281;207;190;155;195;157;184;153;194;161;193;160;189;165;188;158;145;138;146;138;151;136;151;138;157;142;167;147;167;158;147;164;139;159;133;151;122;145;120;145;114;138;118;135;124;195;116;190;123;194;128;175;126;160;123;150;115;143;78;106;84;98;87;102;86;111;78;112;72;118;79;113;"x";11;"x";14;"x";20;"x";19;"x";19;"x";16;"x";19
"Oude Spoorbaan";67;61;71;65;70;70;71;60;75;68;71;61;67;70;97;52;88;58;76;57;78;59;74;51;73;50;72;62;290;223;296;232;338;280;341;262;359;268;388;278;359;283;208;168;210;172;213;173;215;183;205;182;209;174;222;207;134;127;142;118;140;120;148;124;140;121;133;117;133;104;115;104;122;109;122;109;130;108;132;106;134;109;127;119;85;81;81;77;86;77;74;85;80;89;73;92;79;93;30;41;36;44;43;44;48;44;46;46;54;47;56;48;"x";13;"x";11;"x";16;"x";16;"x";13;"x";13;11;18;"x";"x";"x";"x";"x";"x";"x";"x";"x";"x";"x";"x";"";"x"
"Oude Toren";53;47;54;41;59;48;55;51;53;45;54;37;58;38;45;28;39;28;36;27;29;32;36;33;32;28;42;27;156;113;188;134;206;134;200;129;205;116;205;118;198;125;77;77;73;74;83;75;92;80;98;80;103;86;101;78;96;64;96;60;90;60;92;60;81;50;80;54;76;58;83;63;80;71;92;74;89;79;87;91;86;85;96;89;113;145;101;138;93;134;95;122;91;108;88;99;90;97;132;164;132;154;134;157;136;157;133;152;132;151;134;157;53;74;62;82;62;83;67;89;68;96;69;102;68;96;"x";15;"x";13;"x";14;"x";12;"x";14;"x";12;"x";14
"Park Forum";"x";"x";"x";"x";"x";"x";"x";"x";"x";"x";"x";"x";"x";"x";"x";"x";"x";"x";"x";"x";"x";"x";"x";"x";"x";"x";"x";"x";"x";"x";"x";"x";"x";"x";"x";"x";"x";"x";"x";"x";"";"x";"x";"x";"x";"x";"x";"x";"x";"x";"x";"x";"x";"x";"x";"x";"x";"x";"x";"x";"x";"x";"x";"x";"x";"x";"x";"x";"x";"x";"x";"x";"x";"x";"x";"x";"x";"x";"x";"x";"x";"x";"x";"";"x";"x";"x";"x";"x";"x";"x";"x";"x";"x";"x";"x";"";"";"x";"x";"x";"x";"x";"x";"x";"x";"x";"x";"x";"x";"";"";"x";"x";"x";"x";"x";"x";"x";"x";"x";"x";"x";"x";"";"";"x";"x";"x";"x";"x";"x";"x";"x";"x";"x";"x";"x";"";""
"Philipsdorp";111;93;94;87;96;84;98;89;99;90;96;81;103;79;102;82;93;88;97;95;105;92;95;100;91;81;84;69;556;473;505;467;458;459;462;445;451;457;459;442;455;438;327;243;348;248;378;260;390;260;400;269;377;274;379;275;192;155;184;159;196;175;177;167;181;168;198;172;189;174;153;152;163;154;159;159;174;169;173;171;181;168;174;166;109;91;108;98;118;98;119;102;128;121;128;130;132;129;56;67;57;59;61;59;60;62;64;56;70;67;69;67;31;47;26;46;33;42;32;41;28;49;24;47;27;41;"x";"x";"x";13;"x";12;"x";10;"x";"x";"x";"x";"x";13
"Poeijers";"x";"x";"x";"x";"x";"x";"x";"x";"x";"x";"x";"x";"";"";"x";"x";"x";"x";"x";"x";"x";"x";"x";"x";"x";"x";"";"";"x";"x";"x";"x";"x";"x";"x";"x";"x";"x";"x";"x";"";"";"x";"x";"x";"x";"x";"x";"x";"x";"x";"x";"x";"x";"";"";"x";"x";"x";"x";"x";"x";"x";"x";"x";"x";"x";"x";"";"";"x";"x";"x";"x";"x";"x";"x";"x";"x";"x";"x";"x";"";"";"x";"x";"x";"x";"x";"x";"x";"x";"x";"x";"x";"x";"";"";"x";"x";"x";"x";"x";"x";"x";"x";"x";"x";"x";"x";"";"";"x";"x";"x";"x";"x";"x";"x";"x";"x";"x";"x";"x";"";"";"x";"x";"x";"x";"x";"x";"x";"x";"x";"x";"x";"x";"";""
"Prinsejagt";233;243;216;250;222;243;207;223;205;210;208;211;207;198;241;192;248;192;252;194;255;192;257;201;249;195;241;194;398;350;393;324;382;311;362;302;385;322;407;318;382;319;330;278;336;297;335;294;332;290;320;295;324;309;335;307;309;256;302;246;289;257;280;251;279;260;292;255;301;258;291;280;290;280;302;291;301;298;306;295;310;291;316;286;214;254;212;252;221;247;232;234;227;221;237;228;246;239;207;247;205;250;224;273;208;276;201;275;198;271;195;260;132;212;138;208;147;211;144;223;151;233;145;226;150;206;10;22;10;31;11;30;17;29;21;34;28;40;22;45
"Puttense Dreef";77;63;70;66;72;57;75;63;81;57;77;67;77;72;77;63;84;65;88;61;92;61;92;59;92;56;104;64;71;54;82;50;86;45;78;51;83;54;69;60;63;58;85;87;83;89;85;94;88;94;82;86;91;94;86;90;105;93;109;97;101;97;88;100;97;102;90;88;94;91;91;88;95;91;99;96;108;90;107;89;106;96;111;90;71;74;73;75;73;71;76;77;73;75;75;74;74;75;35;28;34;32;34;34;35;34;35;37;41;38;43;42;13;27;14;22;14;20;13;18;10;18;"x";17;10;12;"x";"x";"x";"x";"x";"x";"x";"x";"x";"x";"x";"x";"x";"x"
"Rapelenburg";34;38;34;36;33;38;42;43;43;48;47;50;49;51;31;43;43;44;37;43;42;45;41;44;37;42;36;39;57;46;67;31;73;42;87;65;86;70;195;180;178;172;69;40;59;46;53;41;82;61;91;70;116;94;119;101;54;44;54;38;45;40;51;42;46;42;48;39;60;39;50;60;50;56;57;58;57;63;55;63;53;61;51;55;42;41;45;42;45;44;46;49;43;45;45;44;50;46;16;20;17;15;18;16;24;17;23;22;22;24;21;23;10;25;"x";30;"x";19;"x";19;"x";19;"x";16;"x";11;"x";"x";"x";"x";"x";12;"x";"x";"x";"x";"x";10;"x";"x"
"Rapenland";126;108;119;97;111;94;113;76;112;74;108;91;107;91;119;112;120;118;118;116;125;140;124;120;120;112;126;103;311;246;325;242;355;249;347;247;365;262;394;289;375;285;239;185;237;186;228;174;216;178;225;173;223;160;206;162;161;129;157;129;151;130;145;138;153;129;142;129;148;130;115;136;130;138;129;137;126;126;122;119;124;116;134;118;89;81;88;89;83;93;87;99;80;101;82;99;80;98;46;64;47;60;53;64;53;67;56;69;56;68;60;70;23;34;21;32;25;26;25;25;22;28;23;30;23;29;"x";"x";"x";"x";"x";"x";"x";"x";"x";"x";"x";"x";"x";"x"
"Riel";"x";"x";"x";"x";"x";"x";"x";"x";"x";"x";"x";"x";"x";"x";10;"x";"x";"x";"x";"x";"x";"x";"x";"x";10;10;10;10;"x";"x";"x";"x";"x";"x";"x";"x";"x";"x";"x";"x";"x";"x";"x";"x";"x";"x";"x";"x";"x";"x";"x";"x";"x";"x";"x";"x";12;15;11;12;"x";10;"x";"x";"x";"x";"x";10;"x";"x";"x";12;11;13;12;15;13;17;13;17;14;16;14;16;11;10;"x";11;"x";12;"x";12;"x";13;"x";14;"x";12;"x";"x";"x";"x";"x";"x";"x";"x";"x";"x";"x";"x";"x";"x";"x";"x";"x";"x";"x";"x";"x";"x";"x";"x";"x";"x";"x";"x";"x";"x";"x";"x";"x";"x";"x";"x";"x";"x";"x";"x";"";"x"
"Rochusbuurt";34;53;46;54;46;57;46;53;42;56;50;56;51;49;84;52;63;58;64;45;79;36;66;51;62;55;59;58;414;341;415;341;432;342;416;328;416;335;405;307;391;294;157;112;172;121;168;125;181;142;190;140;195;152;201;152;85;67;79;56;88;61;81;60;84;68;95;74;83;73;68;66;69;69;71;65;74;72;75;72;69;71;80;68;59;51;60;58;59;64;55;53;51;50;53;51;51;53;13;19;15;21;15;21;20;32;26;34;33;31;33;34;"x";15;"x";12;"x";"x";"x";10;"x";10;"x";10;"x";"x";"x";"x";"x";"x";"x";"x";"x";"x";"x";"x";"x";"x";"";"x"
"Roosten";38;28;36;26;32;28;40;36;44;40;38;40;44;42;64;46;62;54;69;54;66;54;76;62;84;65;86;59;11;"x";15;"x";13;10;16;15;15;12;16;14;21;13;"x";17;"x";15;"x";14;13;19;14;20;11;17;12;18;52;56;50;57;48;61;56;64;58;69;56;70;56;70;58;44;61;47;59;44;58;45;60;47;59;51;56;55;47;55;40;51;41;50;41;51;39;48;41;42;41;36;29;44;32;42;33;39;32;35;37;38;41;43;36;46;21;23;23;26;20;27;20;29;18;22;16;20;20;16;"x";"x";"x";"x";"x";"x";"x";"x";"x";"x";"x";"x";"";"x"
"Schoot";65;99;69;93;75;99;74;91;85;82;95;80;103;75;127;126;149;114;113;119;107;118;104;122;97;133;114;118;560;386;532;366;533;398;546;355;645;409;719;467;758;543;243;186;237;186;220;169;235;179;282;192;333;217;390;242;146;139;145;143;153;151;150;146;165;150;190;154;209;148;154;146;151;140;154;142;140;143;135;148;137;149;149;150;111;97;120;105;110;104;105;111;113;107;120;108;130;115;63;72;64;74;72;75;75;73;77;76;87;84;87;82;29;38;28;36;27;40;27;38;22;39;24;40;24;43;"x";"x";"x";"x";"x";"x";"x";"x";"x";"x";"x";"x";"x";"x"
"Schouwbroek";61;61;63;72;76;73;73;74;76;78;64;66;67;69;75;47;69;42;68;42;69;47;64;47;68;56;73;52;164;137;146;129;145;123;163;141;177;141;160;139;154;121;145;106;145;109;133;117;144;121;153;112;158;115;159;114;95;100;98;91;99;92;96;81;97;87;100;94;95;91;118;101;115;108;112;106;114;108;108;105;105;111;104;111;79;74;77;81;76;80;80;83;86;78;83;75;86;71;35;40;40;35;49;39;45;38;45;41;51;50;52;48;14;19;16;20;13;20;17;20;17;19;16;16;17;17;"x";"x";"x";"x";"x";"x";"x";"x";"x";"x";"x";"x";"";"x"
"Schrijversbuurt";189;185;185;179;189;179;178;164;172;153;183;160;174;152;214;165;205;171;194;179;204;196;199;201;203;202;207;195;393;241;378;250;382;256;340;263;368;282;382;278;395;268;261;208;246;189;234;194;233;193;214;181;211;199;222;208;272;225;261;214;284;213;280;208;272;225;275;218;266;209;251;229;242;244;231;251;224;244;217;237;212;243;223;244;220;199;226;203;227;198;240;213;245;219;227;208;224;204;88;94;99;108;107;125;116;120;113;120;126;133;132;143;37;63;38;58;40;56;35;63;37;61;39;64;43;62;"x";19;"x";22;"x";23;"x";17;"x";19;"x";17;"x";16
"Schuttersbosch";22;22;20;21;21;21;19;23;21;20;25;20;23;20;26;15;32;20;37;25;39;28;42;36;47;43;39;51;"x";"x";"x";"x";"x";"x";"x";"x";"x";10;"x";"x";10;"x";10;10;12;10;"x";14;11;13;"x";11;13;17;14;18;43;45;42;41;47;47;46;50;47;53;46;52;47;52;31;25;36;30;38;31;43;36;46;41;50;47;50;49;44;52;40;54;36;57;38;53;37;52;31;42;31;44;49;56;47;53;41;48;40;48;35;46;43;52;41;46;36;47;32;43;36;45;31;36;33;33;31;30;32;31;"x";"x";"x";"x";"x";"x";"x";"x";"x";"x";"x";"x";"x";13
"Sintenbuurt";130;116;129;122;128;127;129;120;132;111;123;108;110;114;97;84;102;79;98;82;83;89;89;87;102;95;112;95;119;105;118;98;109;93;127;96;126;100;150;101;142;111;141;159;142;163;144;153;147;154;156;150;150;150;152;141;149;129;146;135;142;135;145;139;146;135;147;139;132;138;92;115;94;113;94;116;96;118;97;119;95;116;98;113;86;77;81;80;79;83;82;76;80;73;80;81;84;83;61;63;63;57;58;57;54;66;60;66;59;60;57;63;20;52;20;58;21;52;22;45;20;41;20;33;21;34;"x";"x";"x";"x";"x";11;"x";13;"x";13;"x";18;"x";13
"Sportpark Aalsterweg";"x";"x";"x";"x";"x";"x";"x";"x";"x";"x";"x";"x";"x";"";"x";"x";"x";"x";"x";"x";"x";"x";"x";"x";"x";"x";"";"x";"x";"x";"x";"x";"x";"x";"x";"x";"x";"x";"x";"x";"x";"x";"x";"x";"x";"x";"x";"x";"x";"x";"x";"x";"x";"x";"";"x";"x";"x";"x";"x";"x";"x";"x";"x";"x";"x";"x";"x";"x";"";"x";"x";"x";"x";"x";"x";"x";"x";"x";"x";"x";"x";"x";"x";"x";"x";"x";"x";"x";"x";"x";"x";"x";"x";"x";"x";"";"";"x";"x";"x";"x";"x";"x";"x";"x";"x";"x";"x";"x";"x";"x";"x";"x";"x";"x";"x";"x";"x";"x";"x";"x";"x";"x";"x";"x";"x";"x";"x";"x";"x";"x";"x";"x";"x";"x";"x";"x";"";""
"Strijp S";12;"x";10;"x";19;"x";22;"x";26;14;27;17;23;19;"x";"x";"x";"x";18;"x";16;20;13;15;11;17;12;10;233;192;205;198;218;216;454;380;492;408;453;395;475;426;93;59;121;70;139;95;219;149;295;204;325;205;353;220;22;21;24;22;23;20;41;28;51;43;53;34;61;41;13;11;17;12;19;19;29;27;29;28;41;35;51;37;"x";"x";"x";"x";12;11;18;14;20;15;21;17;26;19;"x";"x";"x";"x";"x";"x";"x";"x";"x";"x";"x";"x";"x";"x";"x";"x";"x";"x";"x";"x";"x";"x";"x";"x";"x";"x";"x";"x";"x";"x";"x";"x";"x";"x";"x";"x";"x";"x";"x";"x";"";""
"'t Hofke";194;161;192;143;198;144;198;143;201;144;193;155;192;155;225;197;203;183;199;181;202;177;209;179;253;199;272;185;226;209;218;202;222;194;202;202;202;204;282;237;350;243;226;216;230;214;231;221;227;210;234;207;238;210;222;214;247;235;248;233;226;217;215;215;207;212;208;204;208;204;254;258;244;247;245;257;252;256;255;257;257;273;262;263;240;236;240;236;238;238;242;237;243;229;236;240;228;232;141;154;148;145;151;154;159;164;163;175;173;168;175;175;51;77;52;89;57;79;61;81;61;79;60;80;59;79;"x";"x";"x";"x";"x";10;"x";"x";"x";"x";"x";11;"x";12
"'t Hool";126;137;121;139;140;141;147;152;149;156;134;159;130;161;112;120;119;126;135;124;143;135;142;153;149;153;146;145;176;192;153;166;171;156;146;140;134;146;136;148;142;136;132;141;132;138;137;151;152;173;150;169;158;164;166;158;129;135;130;131;120;125;129;131;129;135;128;145;132;159;126;128;128;134;138;126;134;125;133;132;139;144;134;148;91;107;98;110;98;112;97;108;102;109;99;107;103;98;70;96;76;95;79;99;77;89;73;89;73;89;73;93;45;61;43;62;45;59;51;60;57;64;54;61;52;59;"x";"x";"x";"x";"x";"x";"x";"x";"x";"x";"x";"x";"x";"x"
"Tempel";263;265;260;257;269;257;254;255;251;253;242;245;250;250;281;318;282;315;277;332;292;308;310;313;299;309;290;312;241;219;251;229;250;228;261;245;246;248;244;276;259;281;281;286;293;284;297;294;290;299;304;311;312;307;314;309;329;338;321;343;303;337;301;329;316;326;311;315;294;309;293;304;282;314;294;319;302;323;299;333;288;346;295;342;260;343;268;324;267;299;252;283;255;261;274;268;280;272;335;390;318;379;309;388;309;372;291;375;275;369;257;346;138;165;148;170;157;192;160;201;168;204;162;196;169;204;11;20;12;23;11;18;12;20;12;22;16;25;18;22
"Tivoli";80;90;71;92;83;100;80;89;89;94;90;100;98;97;64;66;68;61;62;59;71;59;69;55;64;64;70;62;111;104;102;129;116;132;84;105;71;106;76;94;89;96;138;123;134;116;131;114;123;107;129;109;126;117;127;123;111;111;109;104;118;107;100;108;90;109;87;104;90;109;107;109;109;115;101;118;109;107;106;100;104;105;107;110;63;71;68;73;77;67;72;68;72;69;77;70;87;86;42;57;40;55;37;54;44;63;51;58;53;65;61;69;18;31;16;32;18;28;21;27;23;31;19;30;19;29;"x";"x";"x";"x";"x";"x";"x";"x";"x";"x";"x";"x";"x";"x"
"Tongelresche Akkers";111;126;121;115;118;124;120;121;117;140;131;155;153;172;37;44;43;52;52;59;55;68;71;67;92;82;105;96;37;61;34;52;41;54;44;48;53;63;60;78;75;101;121;128;117;129;125;136;117;135;131;152;163;175;211;215;85;58;91;65;99;76;109;83;123;96;142;122;167;143;28;32;32;32;34;29;35;24;33;25;49;32;58;38;34;50;32;51;31;55;30;62;36;58;31;56;32;61;20;19;22;22;23;22;25;25;28;33;32;36;35;35;"x";11;"x";"x";"x";"x";"x";"x";"x";"x";"x";12;"x";"x";"x";"x";"x";"x";"x";"x";"x";"x";"x";"x";"x";"x";"x";""
"Tuindorp";164;150;153;143;166;130;155;137;139;130;134;124;118;123;146;141;143;147;133;137;126;143;126;132;131;133;129;115;304;242;314;261;300;259;302;256;304;267;330;269;307;269;198;197;186;178;181;182;177;188;176;187;172;178;181;173;195;195;192;197;194;194;187;186;185;186;186;175;162;184;160;162;158;159;158;158;163;154;162;162;155;171;165;161;105;90;110;100;102;97;105;102;109;100;115;104;121;108;63;90;78;80;82;87;83;88;89;85;90;90;88;101;80;226;71;221;74;208;80;191;78;188;88;180;89;161;23;92;23;93;23;96;23;111;30;93;30;97;27;100
"TU-terrein";"x";"x";"x";"x";"x";"x";"x";"x";"x";"x";"x";"x";"";"x";"x";"x";"x";"x";93;41;80;38;53;37;47;24;49;34;118;41;123;36;335;126;370;198;391;222;374;214;353;166;29;12;28;"x";32;13;53;32;60;32;67;40;75;35;"x";"x";"x";"x";"x";"x";"x";"x";"x";"x";"x";"x";"x";"x";"x";"x";"x";"x";"x";"x";"x";"x";"x";"x";"x";"x";"x";"";"x";"x";"x";"x";"x";"x";"x";"x";"x";"x";"x";"x";"";"";"x";"x";"x";"x";"x";"x";"x";"x";"x";"x";"x";"x";"";"";"x";"x";"x";"x";"x";"x";"x";"x";"x";"x";"x";"x";"";"";"x";"x";"x";"x";"x";"x";"x";"x";"x";"x";"x";"x";"";""
"Urkhoven";17;15;17;14;15;12;12;11;10;"x";10;"x";11;"x";17;"x";13;"x";16;10;14;"x";14;"x";15;"x";13;"x";25;"x";31;"x";28;"x";20;"x";19;"x";19;"x";20;"x";11;10;10;10;"x";10;"x";13;"x";12;"x";11;"x";11;13;11;13;10;17;11;13;"x";11;12;11;12;11;10;"x";16;10;13;10;14;"x";14;10;13;11;14;12;13;"x";"x";"x";10;11;10;12;11;10;"x";"x";11;"x";12;"x";"x";"x";"x";"x";"x";"x";"x";"x";"x";"x";"x";"x";"x";"x";"x";"x";"x";"x";"x";"x";"x";"x";"x";"x";"x";"x";"x";"x";"x";"x";"x";"x";"x";"x";"x";"x";"x";"x";"x";"";""
"Vaartbroek";261;316;264;300;267;283;272;291;260;281;275;276;246;265;326;276;323;272;328;283;339;299;368;297;360;302;341;301;363;350;363;340;345;338;350;336;360;345;374;342;365;336;374;358;374;350;363;356;348;353;336;343;346;336;354;332;362;339;371;339;357;335;348;338;346;351;342;358;348;351;329;321;326;324;341;327;365;336;364;344;359;351;363;352;246;300;247;284;253;278;238;276;238;255;242;246;251;246;212;263;221;264;216;260;221;241;220;239;212;246;203;255;97;112;89;123;95;133;95;140;102;143;101;148;102;140;13;25;"x";23;"x";22;"x";23;10;23;"x";17;16;12
"Villapark";111;101;117;110;120;118;116;113;108;100;101;109;100;108;120;119;106;119;114;125;115;113;125;133;123;123;138;129;196;147;203;146;191;120;189;121;189;139;243;187;273;235;120;102;120;111;123;113;120;102;111;110;129;128;174;142;155;135;152;134;158;142;157;141;169;140;174;130;177;145;149;133;153;124;167;129;166;129;169;129;181;142;184;139;133;113;129;112;128;104;132;104;126;104;137;121;137;125;69;71;66;74;66;82;67;86;77;82;81;85;84;82;29;41;27;42;26;35;23;38;26;33;26;31;23;37;"x";"x";"x";"x";"x";"x";"x";"x";"x";"x";"x";"x";"x";"x"
"Vlokhoven";202;187;184;179;185;177;174;171;173;158;180;143;175;149;203;207;210;202;220;196;226;202;230;209;220;196;212;204;289;219;294;222;280;235;267;228;262;236;289;234;290;234;209;228;207;226;200;220;204;203;210;201;220;207;219;206;219;222;218;217;211;221;204;215;194;200;201;197;198;199;202;211;199;215;202;216;209;227;220;241;208;237;207;219;149;186;153;188;161;183;163;169;166;180;186;184;183;196;146;223;137;203;138;193;148;202;154;186;141;173;134;175;98;177;100;179;104;186;98;182;96;174;104;173;103;166;"x";22;10;30;11;27;12;30;10;33;11;34;11;35
"Vredeoord";"x";"x";"x";"x";"x";"x";"x";"x";"x";"x";"x";"x";"";"";42;"x";37;13;28;12;24;10;21;10;37;19;26;13;73;16;68;21;56;22;60;19;71;25;77;27;71;24;89;17;101;23;96;20;100;27;100;20;94;23;112;17;83;27;77;25;68;25;82;18;73;18;79;24;77;18;60;25;59;25;61;24;57;23;53;18;59;19;51;15;24;29;26;24;24;25;28;22;33;17;39;16;35;13;14;15;11;14;14;16;11;14;"x";15;"x";12;"x";12;"x";"x";"x";"x";"x";"x";"x";"x";"x";"x";"x";"x";"x";"x";"x";"x";"x";"x";"x";"x";"x";"x";"x";"x";"x";"x";"";"x"
"Waterrijk";131;126;131;132;149;117;167;153;198;170;228;216;225;230;65;41;78;50;91;62;114;82;142;113;210;155;249;182;23;40;27;30;31;27;57;47;70;59;80;93;101;104;142;138;130;146;122;147;149;170;159;203;214;243;244;277;118;102;130;108;150;117;180;146;209;180;273;248;298;276;26;15;34;24;34;29;47;39;72;55;104;80;123;101;14;17;15;15;20;16;22;20;25;22;32;31;35;29;"x";"x";"x";"x";"x";"x";"x";"x";"x";"x";12;"x";13;12;"x";"x";"x";"x";"x";"x";"x";"x";"x";"x";"x";"x";"";"";"x";"x";"x";"x";"x";"x";"x";"x";"x";"x";"x";"x";"";""
"Wielewaal";"x";"x";"x";"x";"x";"x";"x";"x";"x";"x";"x";"x";"x";"x";10;10;11;14;11;15;10;14;12;11;12;12;17;13;"x";"x";"x";"x";"x";"x";"x";"x";"x";"x";"x";"x";"x";"x";"x";"x";"x";"x";"x";"x";"x";"x";"x";"x";"x";"x";"x";"x";"x";12;10;12;10;12;10;10;10;10;"x";"x";"x";"x";"x";"x";10;"x";"x";"x";"x";"x";"x";"x";12;10;14;11;"x";"x";"x";"x";"x";"x";"x";"x";"x";"x";"x";"x";"x";"x";"x";"x";"x";"x";"x";"x";"x";"x";"x";"x";"x";"x";"x";"x";"x";"x";"x";"x";"x";"x";"x";"x";"x";"x";"x";"x";"x";"x";"x";"x";"x";"x";"x";"x";"x";"x";"x";"x";"x";"x";"";"x"
"Winkelcentrum";12;14;12;"x";"x";"x";12;"x";10;10;"x";12;"x";"x";"x";"x";"x";"x";13;"x";19;15;15;"x";12;"x";"x";"x";90;81;73;76;72;87;82;83;85;87;99;94;122;99;79;63;80;61;68;49;71;55;74;48;77;41;69;37;55;22;53;23;59;26;52;23;50;23;46;25;47;25;40;30;41;29;40;32;47;26;45;22;47;22;49;26;40;39;39;36;34;35;32;33;30;35;31;31;30;25;28;42;34;42;34;46;38;50;37;43;37;40;36;41;"x";"x";"x";11;"x";14;11;16;11;22;12;25;12;25;"x";"x";"x";"x";"x";"x";"x";"x";"x";"x";"x";"x";"";""
"Witte Dame";45;46;39;32;44;42;43;36;39;33;53;47;52;56;"x";"x";11;12;20;28;20;21;25;25;22;22;23;14;61;83;62;68;311;240;374;332;452;364;467;384;477;414;166;138;167;133;245;180;263;183;285;190;335;227;355;228;108;64;116;67;136;72;116;71;127;77;116;72;125;63;76;49;79;49;78;49;88;48;95;49;97;50;98;56;63;63;71;59;79;58;73;60;73;57;68;53;62;53;32;43;33;46;32;48;42;46;47;48;53;56;51;59;"x";23;"x";25;"x";25;10;33;11;30;"x";30;12;27;"x";"x";"x";"x";"x";"x";"x";"x";"x";"x";"x";"x";"x";"x"
"Woenselse Heide";269;266;284;279;291;261;287;271;287;292;270;293;258;306;358;327;383;330;375;324;371;327;386;305;386;309;373;306;267;270;271;286;258;291;253;287;255;277;295;293;298;293;254;296;259;302;256;306;272;317;274;321;281;338;302;344;338;394;332;390;308;372;299;371;295;370;298;364;282;344;343;362;347;370;362;398;364;400;369;409;361;412;343;417;245;303;235;283;230;273;229;259;232;259;246;266;274;260;247;300;241;293;232;279;239;283;238;284;229;290;217;292;108;166;116;174;112;174;104;170;109;171;116;164;116;163;11;27;"x";24;13;29;13;23;15;22;16;25;19;22
"Woenselse Watermolen";59;60;72;62;89;80;110;95;104;114;96;118;93;114;16;13;18;20;24;25;25;16;26;19;37;21;40;22;94;117;118;143;108;124;86;119;92;113;97;115;92;115;176;152;188;162;212;181;241;192;265;211;259;219;291;213;57;44;59;42;71;43;68;40;70;38;81;39;77;40;39;42;35;38;40;34;45;32;38;32;31;27;32;25;42;55;44;51;40;44;37;42;39;38;40;41;38;39;54;51;53;51;50;50;49;47;42;44;42;39;34;43;25;34;26;33;27;35;23;35;22;35;22;34;21;28;"x";"x";"x";"x";"x";"x";"x";"x";"x";"x";"x";"x";"x";"x"
"Woensel-West";217;250;212;231;203;205;180;176;172;175;155;167;257;232;184;216;194;235;185;234;184;205;187;206;194;218;236;253;661;503;624;499;592;477;560;474;547;488;546;482;560;511;401;324;409;338;378;322;355;307;346;311;365;322;411;421;334;240;318;247;292;244;274;235;264;239;271;250;300;291;212;164;230;170;238;166;230;171;234;175;236;186;249;213;126;115;124;110;131;113;137;120;130;118;124;116;135;103;76;53;72;59;75;63;72;63;72;68;74;63;69;72;21;27;22;23;25;27;24;25;22;21;28;25;27;28;"x";"x";"x";"x";"x";"x";"x";"x";"x";"x";"x";"x";"x";"x"
"Zandrijk";264;271;246;250;227;238;209;205;199;192;195;183;182;170;198;179;216;199;220;214;218;218;228;218;217;216;220;216;68;90;62;78;81;80;91;87;105;93;111;88;112;82;247;277;224;244;206;238;197;229;190;224;180;215;173;210;315;272;308;300;303;304;293;291;299;282;291;274;272;270;175;147;185;145;197;148;201;166;210;181;215;183;231;195;146;151;148;157;138;156;140;144;123;134;122;130;122;127;96;92;94;99;102;101;106;107;115;114;121;124;126;131;16;15;22;15;27;25;26;29;32;33;38;36;39;37;"x";"x";"x";"x";"x";"x";"x";"x";"x";"x";"x";"x";"x";""
"Zwaanstraat";"x";26;13;36;25;57;39;70;45;77;92;119;121;153;"x";"x";"x";"x";"x";10;13;16;13;20;13;33;30;56;14;25;"x";22;20;20;16;27;18;26;28;42;38;58;40;31;46;42;73;79;86;94;97;101;136;150;185;196;21;11;33;16;41;21;52;30;56;37;92;55;134;92;"x";16;11;20;18;27;23;34;23;34;32;45;48;50;"x";"x";"x";"x";12;11;17;14;22;19;24;24;30;26;"x";"x";"x";"x";"x";"x";"x";"x";"x";"x";"x";"x";"x";"x";"x";"x";"x";"x";"x";"x";"x";"x";"x";"x";"x";"x";"x";"x";"x";"x";"x";"x";"x";"x";"x";"x";"x";"x";"x";"x";"";""
"Onbekend";"";"";"";"";"";"";"";"";"";"";"";"";"";"";"";"";"";"";"";"";"";"";"";"";"";"";"";"";"";"";"";"";"";"";"";"";"";"";"";"";"x";"";"";"";"";"";"";"";"";"";"";"";"";"";"x";"x";"";"";"";"";"";"";"";"";"";"";"";"";"x";"";"";"";"";"";"";"";"";"";"";"";"";"";"x";"";"";"";"";"";"";"";"";"";"";"";"";"";"";"";"";"";"";"";"";"";"";"";"";"";"";"";"";"";"";"";"";"";"";"";"";"";"";"";"";"";"";"";"";"";"";"";"";"";"";"";"";"";"";"";"";""
